sepal.length,sepal.width,petal.length,petal.width
5.843333333333334,3.0573333333333332,3.758,1.1993333333333334
5.8,3.0,4.35,1.3
0.8280661279778629,0.4358662849366982,1.7652982332594664,0.7622376689603465
